{
    "postalCodes": [
        {
            "adminCode2": "TN",
            "adminCode1": "17",
            "adminName2": "Trento",
            "lng": 11.1210823059082,
            "countryCode": "IT",
            "postalCode": "38100",
            "adminName1": "Trentino-Alto Adige",
            "ISO3166-2": "32",
            "placeName": "Trento",
            "lat": 46.0678714011874
        },
        {
            "adminCode2": "TN",
            "adminCode1": "17",
            "adminName2": "Trento",
            "lng": 11.04053,
            "countryCode": "IT",
            "postalCode": "38068",
            "adminName1": "Trentino-Alto Adige",
            "ISO3166-2": "32",
            "placeName": "Rovereto",
            "lat": 45.8904
        },
        {
            "adminCode2": "TN",
            "adminCode1": "17",
            "adminName2": "Trento",
            "lng": 10.841166973114014,
            "countryCode": "IT",
            "postalCode": "38066",
            "adminName1": "Trentino-Alto Adige",
            "ISO3166-2": "32",
            "placeName": "Riva Del Garda",
            "lat": 45.88576635570338
        },
        {
            "adminCode2": "TN",
            "adminCode1": "17",
            "adminName2": "Trento",
            "lng": 10.726788814769579,
            "countryCode": "IT",
            "postalCode": "38079",
            "adminName1": "Trentino-Alto Adige",
            "ISO3166-2": "32",
            "placeName": "Tione Di Trento",
            "lat": 46.035497796159675
        },
        {
            "adminCode2": "TN",
            "adminCode1": "17",
            "adminName2": "Trento",
            "lng": 10.89106,
            "countryCode": "IT",
            "postalCode": "38069",
            "adminName1": "Trentino-Alto Adige",
            "ISO3166-2": "32",
            "placeName": "Torbole",
            "lat": 45.87594
        },
        {
            "adminCode2": "TN",
            "adminCode1": "17",
            "adminName2": "Trento",
            "lng": 11.032761834383843,
            "countryCode": "IT",
            "postalCode": "38023",
            "adminName1": "Trentino-Alto Adige",
            "ISO3166-2": "32",
            "placeName": "Cles",
            "lat": 46.36294231432275
        },
        {
            "adminCode2": "TN",
            "adminCode1": "17",
            "adminName2": "Trento",
            "lng": 11.599595740840952,
            "countryCode": "IT",
            "postalCode": "38037",
            "adminName1": "Trentino-Alto Adige",
            "ISO3166-2": "32",
            "placeName": "Predazzo",
            "lat": 46.31140072616998
        },
        {
            "adminCode2": "TN",
            "adminCode1": "17",
            "adminName2": "Trento",
            "lng": 10.88672161102295,
            "countryCode": "IT",
            "postalCode": "38062",
            "adminName1": "Trentino-Alto Adige",
            "ISO3166-2": "32",
            "placeName": "Arco",
            "lat": 45.917721261594224
        },
        {
            "adminCode2": "TN",
            "adminCode1": "17",
            "adminName2": "Trento",
            "lng": 11.004321464107697,
            "countryCode": "IT",
            "postalCode": "38010",
            "adminName1": "Trentino-Alto Adige",
            "ISO3166-2": "32",
            "placeName": "Andalo",
            "lat": 46.16649169333167
        },
        {
            "adminCode2": "TN",
            "adminCode1": "17",
            "adminName2": "Trento",
            "lng": 11.109313518335805,
            "countryCode": "IT",
            "postalCode": "38015",
            "adminName1": "Trentino-Alto Adige",
            "ISO3166-2": "32",
            "placeName": "Lavis",
            "lat": 46.14130607650874
        },
        {
            "adminCode2": "TN",
            "adminCode1": "17",
            "adminName2": "Trento",
            "lng": 10.963002847091856,
            "countryCode": "IT",
            "postalCode": "38018",
            "adminName1": "Trentino-Alto Adige",
            "ISO3166-2": "32",
            "placeName": "Molveno",
            "lat": 46.142380392892676
        },
        {
            "adminCode2": "TN",
            "adminCode1": "17",
            "adminName2": "Trento",
            "lng": 10.912464512370285,
            "countryCode": "IT",
            "postalCode": "38027",
            "adminName1": "Trentino-Alto Adige",
            "ISO3166-2": "32",
            "placeName": "Male'",
            "lat": 46.353564221896534
        },
        {
            "adminCode2": "TN",
            "adminCode1": "17",
            "adminName2": "Trento",
            "lng": 11.769288033585699,
            "countryCode": "IT",
            "postalCode": "38032",
            "adminName1": "Trentino-Alto Adige",
            "ISO3166-2": "32",
            "placeName": "Canazei",
            "lat": 46.476274688266884
        },
        {
            "adminCode2": "TN",
            "adminCode1": "17",
            "adminName2": "Trento",
            "lng": 11.458624916630892,
            "countryCode": "IT",
            "postalCode": "38033",
            "adminName1": "Trentino-Alto Adige",
            "ISO3166-2": "32",
            "placeName": "Cavalese",
            "lat": 46.29047922207462
        },
        {
            "adminCode2": "TN",
            "adminCode1": "17",
            "adminName2": "Trento",
            "lng": 11.659412112212882,
            "countryCode": "IT",
            "postalCode": "38035",
            "adminName1": "Trentino-Alto Adige",
            "ISO3166-2": "32",
            "placeName": "Moena",
            "lat": 46.376545567146955
        },
        {
            "adminCode2": "TN",
            "adminCode1": "17",
            "adminName2": "Trento",
            "lng": 11.457564531035661,
            "countryCode": "IT",
            "postalCode": "38051",
            "adminName1": "Trentino-Alto Adige",
            "ISO3166-2": "32",
            "placeName": "Borgo",
            "lat": 46.05118958806449
        },
        {
            "adminCode2": "TN",
            "adminCode1": "17",
            "adminName2": "Trento",
            "lng": 11.304270447916947,
            "countryCode": "IT",
            "postalCode": "38056",
            "adminName1": "Trentino-Alto Adige",
            "ISO3166-2": "32",
            "placeName": "Levico Terme",
            "lat": 46.01216635399339
        },
        {
            "adminCode2": "TN",
            "adminCode1": "17",
            "adminName2": "Trento",
            "lng": 11.674181793539258,
            "countryCode": "IT",
            "postalCode": "38039",
            "adminName1": "Trentino-Alto Adige",
            "ISO3166-2": "32",
            "placeName": "Vigo Di Fassa",
            "lat": 46.41897856140535
        },
        {
            "adminCode2": "TN",
            "adminCode1": "17",
            "adminName2": "Trento",
            "lng": 11.237577456652453,
            "countryCode": "IT",
            "postalCode": "38057",
            "adminName1": "Trentino-Alto Adige",
            "ISO3166-2": "32",
            "placeName": "Pergine Valsugana",
            "lat": 46.064336496441555
        },
        {
            "adminCode2": "TN",
            "adminCode1": "17",
            "adminName2": "Trento",
            "lng": 11.00458006809729,
            "countryCode": "IT",
            "postalCode": "38061",
            "adminName1": "Trentino-Alto Adige",
            "ISO3166-2": "32",
            "placeName": "Ala",
            "lat": 45.76072450814006
        },
        {
            "adminCode2": "TN",
            "adminCode1": "17",
            "adminName2": "Trento",
            "lng": 10.763762242707573,
            "countryCode": "IT",
            "postalCode": "38086",
            "adminName1": "Trentino-Alto Adige",
            "ISO3166-2": "32",
            "placeName": "Pinzolo",
            "lat": 46.159762392608975
        },
        {
            "adminCode2": "TN",
            "adminCode1": "17",
            "adminName2": "Trento",
            "lng": 10.73937,
            "countryCode": "IT",
            "postalCode": "38088",
            "adminName1": "Trentino-Alto Adige",
            "ISO3166-2": "32",
            "placeName": "Spiazzo",
            "lat": 46.103601
        },
        {
            "adminCode2": "TN",
            "adminCode1": "17",
            "adminName2": "Trento",
            "lng": 11.168202279895429,
            "countryCode": "IT",
            "postalCode": "38064",
            "adminName1": "Trentino-Alto Adige",
            "ISO3166-2": "32",
            "placeName": "Folgaria",
            "lat": 45.915432005689404
        },
        {
            "adminCode2": "TN",
            "adminCode1": "17",
            "adminName2": "Trento",
            "lng": 10.980516264270328,
            "countryCode": "IT",
            "postalCode": "38065",
            "adminName1": "Trentino-Alto Adige",
            "ISO3166-2": "32",
            "placeName": "Mori",
            "lat": 45.85187056760624
        },
        {
            "adminCode2": "TN",
            "adminCode1": "17",
            "adminName2": "Trento",
            "lng": 10.912014276751814,
            "countryCode": "IT",
            "postalCode": "38074",
            "adminName1": "Trentino-Alto Adige",
            "ISO3166-2": "32",
            "placeName": "Dro",
            "lat": 45.961209053659836
        },
        {
            "adminCode2": "TN",
            "adminCode1": "17",
            "adminName2": "Trento",
            "lng": 10.580220222473145,
            "countryCode": "IT",
            "postalCode": "38089",
            "adminName1": "Trentino-Alto Adige",
            "ISO3166-2": "32",
            "placeName": "Storo",
            "lat": 45.84924956447676
        },
        {
            "adminCode2": "TN",
            "adminCode1": "17",
            "adminName2": "Trento",
            "lng": 11.137232084095917,
            "countryCode": "IT",
            "postalCode": "38013",
            "adminName1": "Trentino-Alto Adige",
            "ISO3166-2": "32",
            "placeName": "Fondo",
            "lat": 46.438795214182406
        },
        {
            "adminCode2": "TN",
            "adminCode1": "17",
            "adminName2": "Trento",
            "lng": 11.122531194491703,
            "countryCode": "IT",
            "postalCode": "38016",
            "adminName1": "Trentino-Alto Adige",
            "ISO3166-2": "32",
            "placeName": "Mezzocorona",
            "lat": 46.21158649056654
        },
        {
            "adminCode2": "TN",
            "adminCode1": "17",
            "adminName2": "Trento",
            "lng": 10.800067,
            "countryCode": "IT",
            "postalCode": "38020",
            "adminName1": "Trentino-Alto Adige",
            "ISO3166-2": "32",
            "placeName": "Mezzana",
            "lat": 46.316707
        },
        {
            "adminCode2": "TN",
            "adminCode1": "17",
            "adminName2": "Trento",
            "lng": 10.673533,
            "countryCode": "IT",
            "postalCode": "38024",
            "adminName1": "Trentino-Alto Adige",
            "ISO3166-2": "32",
            "placeName": "Peio",
            "lat": 46.36278
        },
        {
            "adminCode2": "TN",
            "adminCode1": "17",
            "adminName2": "Trento",
            "lng": 10.692817586310149,
            "countryCode": "IT",
            "postalCode": "38024",
            "adminName1": "Trentino-Alto Adige",
            "ISO3166-2": "32",
            "placeName": "Cogolo",
            "lat": 46.352524289697826
        },
        {
            "adminCode2": "TN",
            "adminCode3": "022233",
            "adminName3": "Dimaro Folgarida",
            "adminCode1": "17",
            "adminName2": "Trento",
            "lng": 10.873415931132008,
            "countryCode": "IT",
            "postalCode": "38025",
            "adminName1": "Trentino-Alto Adige",
            "ISO3166-2": "32",
            "placeName": "Dimaro",
            "lat": 46.32572860981403
        },
        {
            "adminCode2": "TN",
            "adminCode1": "17",
            "adminName2": "Trento",
            "lng": 11.741097164916356,
            "countryCode": "IT",
            "postalCode": "38031",
            "adminName1": "Trentino-Alto Adige",
            "ISO3166-2": "32",
            "placeName": "Campitello Di Fassa",
            "lat": 46.475785072579754
        },
        {
            "adminCode2": "TN",
            "adminCode3": "022241",
            "adminName3": "Cembra Lisignago",
            "adminCode1": "17",
            "adminName2": "Trento",
            "lng": 11.221738027261605,
            "countryCode": "IT",
            "postalCode": "38034",
            "adminName1": "Trentino-Alto Adige",
            "ISO3166-2": "32",
            "placeName": "Cembra",
            "lat": 46.17489332174378
        },
        {
            "adminCode2": "TN",
            "adminCode1": "17",
            "adminName2": "Trento",
            "lng": 11.687112318563669,
            "countryCode": "IT",
            "postalCode": "38036",
            "adminName1": "Trentino-Alto Adige",
            "ISO3166-2": "32",
            "placeName": "Pozza Di Fassa",
            "lat": 46.428057588522286
        },
        {
            "adminCode2": "TN",
            "adminCode1": "17",
            "adminName2": "Trento",
            "lng": 11.509459696180498,
            "countryCode": "IT",
            "postalCode": "38038",
            "adminName1": "Trentino-Alto Adige",
            "ISO3166-2": "32",
            "placeName": "Tesero",
            "lat": 46.291840805477406
        },
        {
            "adminCode2": "TN",
            "adminCode1": "17",
            "adminName2": "Trento",
            "lng": 11.194592928218619,
            "countryCode": "IT",
            "postalCode": "38041",
            "adminName1": "Trentino-Alto Adige",
            "ISO3166-2": "32",
            "placeName": "Albiano",
            "lat": 46.14450792463351
        },
        {
            "adminCode2": "TN",
            "adminCode1": "17",
            "adminName2": "Trento",
            "lng": 11.457564531035661,
            "countryCode": "IT",
            "postalCode": "38051",
            "adminName1": "Trentino-Alto Adige",
            "ISO3166-2": "32",
            "placeName": "Borgo Valsugana",
            "lat": 46.05118958806449
        },
        {
            "adminCode2": "TN",
            "adminCode3": "022245",
            "adminName3": "Primiero San Martino Di Castrozza",
            "adminCode1": "17",
            "adminName2": "Trento",
            "lng": 11.839394,
            "countryCode": "IT",
            "postalCode": "38054",
            "adminName1": "Trentino-Alto Adige",
            "ISO3166-2": "32",
            "placeName": "Tonadico",
            "lat": 46.181113
        },
        {
            "adminCode2": "TN",
            "adminCode1": "17",
            "adminName2": "Trento",
            "lng": 11.635633011364993,
            "countryCode": "IT",
            "postalCode": "38055",
            "adminName1": "Trentino-Alto Adige",
            "ISO3166-2": "32",
            "placeName": "Grigno",
            "lat": 46.01568645258471
        },
        {
            "adminCode2": "TN",
            "adminCode3": "022248",
            "adminName3": "Vallelaghi",
            "adminCode1": "17",
            "adminName2": "Trento",
            "lng": 10.997345886437923,
            "countryCode": "IT",
            "postalCode": "38096",
            "adminName1": "Trentino-Alto Adige",
            "ISO3166-2": "32",
            "placeName": "Vezzano",
            "lat": 46.07867304099094
        },
        {
            "adminCode2": "TN",
            "adminCode1": "17",
            "adminName2": "Trento",
            "lng": 11.069501028281511,
            "countryCode": "IT",
            "postalCode": "38010",
            "adminName1": "Trentino-Alto Adige",
            "ISO3166-2": "32",
            "placeName": "Fai Della Paganella",
            "lat": 46.17801447440701
        },
        {
            "adminCode2": "TN",
            "adminCode1": "17",
            "adminName2": "Trento",
            "lng": 11.09635988132266,
            "countryCode": "IT",
            "postalCode": "38017",
            "adminName1": "Trentino-Alto Adige",
            "ISO3166-2": "32",
            "placeName": "Mezzolombardo",
            "lat": 46.20773584163479
        },
        {
            "adminCode2": "TN",
            "adminCode1": "17",
            "adminName2": "Trento",
            "lng": 11.246480941772461,
            "countryCode": "IT",
            "postalCode": "38042",
            "adminName1": "Trentino-Alto Adige",
            "ISO3166-2": "32",
            "placeName": "Baselga Di Pine'",
            "lat": 46.13250462971521
        },
        {
            "adminCode2": "TN",
            "adminCode1": "17",
            "adminName2": "Trento",
            "lng": 11.243683,
            "countryCode": "IT",
            "postalCode": "38050",
            "adminName1": "Trentino-Alto Adige",
            "ISO3166-2": "32",
            "placeName": "Calceranica Al Lago",
            "lat": 46.004603
        },
        {
            "adminCode2": "TN",
            "adminCode1": "17",
            "adminName2": "Trento",
            "lng": 11.632466131434317,
            "countryCode": "IT",
            "postalCode": "38053",
            "adminName1": "Trentino-Alto Adige",
            "ISO3166-2": "32",
            "placeName": "Castello Tesino",
            "lat": 46.06301996219218
        },
        {
            "adminCode2": "TN",
            "adminCode3": "022245",
            "adminName3": "Primiero San Martino Di Castrozza",
            "adminCode1": "17",
            "adminName2": "Trento",
            "lng": 11.832788358411312,
            "countryCode": "IT",
            "postalCode": "38054",
            "adminName1": "Trentino-Alto Adige",
            "ISO3166-2": "32",
            "placeName": "Transacqua",
            "lat": 46.17366774414386
        },
        {
            "adminCode2": "TN",
            "adminCode3": "022245",
            "adminName3": "Primiero San Martino Di Castrozza",
            "adminCode1": "17",
            "adminName2": "Trento",
            "lng": 11.828794,
            "countryCode": "IT",
            "postalCode": "38054",
            "adminName1": "Trentino-Alto Adige",
            "ISO3166-2": "32",
            "placeName": "Fiera Di Primiero",
            "lat": 46.176212
        },
        {
            "adminCode2": "TN",
            "adminCode1": "17",
            "adminName2": "Trento",
            "lng": 10.95508,
            "countryCode": "IT",
            "postalCode": "38060",
            "adminName1": "Trentino-Alto Adige",
            "ISO3166-2": "32",
            "placeName": "Brentonico",
            "lat": 45.819096
        },
        {
            "adminCode2": "TN",
            "adminCode1": "17",
            "adminName2": "Trento",
            "lng": 11.063508582312211,
            "countryCode": "IT",
            "postalCode": "38060",
            "adminName1": "Trentino-Alto Adige",
            "ISO3166-2": "32",
            "placeName": "Volano",
            "lat": 45.91718017944707
        },
        {
            "adminCode2": "TN",
            "adminCode1": "17",
            "adminName2": "Trento",
            "lng": 11.02388,
            "countryCode": "IT",
            "postalCode": "38060",
            "adminName1": "Trentino-Alto Adige",
            "ISO3166-2": "32",
            "placeName": "Nogaredo",
            "lat": 45.912999
        },
        {
            "adminCode2": "TN",
            "adminCode1": "17",
            "adminName2": "Trento",
            "lng": 11.109080998805426,
            "countryCode": "IT",
            "postalCode": "38060",
            "adminName1": "Trentino-Alto Adige",
            "ISO3166-2": "32",
            "placeName": "Besenello",
            "lat": 45.94355528399251
        },
        {
            "adminCode2": "TN",
            "adminCode1": "17",
            "adminName2": "Trento",
            "lng": 11.000588527708171,
            "countryCode": "IT",
            "postalCode": "38061",
            "adminName1": "Trentino-Alto Adige",
            "ISO3166-2": "32",
            "placeName": "Pilcante",
            "lat": 45.77074844463735
        },
        {
            "adminCode2": "TN",
            "adminCode1": "17",
            "adminName2": "Trento",
            "lng": 10.939380422524657,
            "countryCode": "IT",
            "postalCode": "38063",
            "adminName1": "Trentino-Alto Adige",
            "ISO3166-2": "32",
            "placeName": "Avio",
            "lat": 45.733961949145296
        },
        {
            "adminCode2": "TN",
            "adminCode1": "17",
            "adminName2": "Trento",
            "lng": 10.758869,
            "countryCode": "IT",
            "postalCode": "38080",
            "adminName1": "Trentino-Alto Adige",
            "ISO3166-2": "32",
            "placeName": "Carisolo",
            "lat": 46.168803
        },
        {
            "adminCode2": "TN",
            "adminCode1": "17",
            "adminName2": "Trento",
            "lng": 10.76777,
            "countryCode": "IT",
            "postalCode": "38086",
            "adminName1": "Trentino-Alto Adige",
            "ISO3166-2": "32",
            "placeName": "Giustino",
            "lat": 46.151302
        },
        {
            "adminCode2": "TN",
            "adminCode3": "022248",
            "adminName3": "Vallelaghi",
            "adminCode1": "17",
            "adminName2": "Trento",
            "lng": 11.04504510440527,
            "countryCode": "IT",
            "postalCode": "38096",
            "adminName1": "Trentino-Alto Adige",
            "ISO3166-2": "32",
            "placeName": "Terlago",
            "lat": 46.09737070187929
        },
        {
            "adminCode2": "TN",
            "adminCode1": "17",
            "adminName2": "Trento",
            "lng": 11.1550283432007,
            "countryCode": "IT",
            "postalCode": "38100",
            "adminName1": "Trentino-Alto Adige",
            "ISO3166-2": "32",
            "placeName": "Povo",
            "lat": 46.0669781465587
        },
        {
            "adminCode2": "TN",
            "adminCode1": "17",
            "adminName2": "Trento",
            "lng": 11.177774,
            "countryCode": "IT",
            "postalCode": "38010",
            "adminName1": "Trentino-Alto Adige",
            "ISO3166-2": "32",
            "placeName": "Ruffre'",
            "lat": 46.414813
        },
        {
            "adminCode2": "TN",
            "adminCode1": "17",
            "adminName2": "Trento",
            "lng": 11.161278,
            "countryCode": "IT",
            "postalCode": "38010",
            "adminName1": "Trentino-Alto Adige",
            "ISO3166-2": "32",
            "placeName": "Faedo",
            "lat": 46.192407
        },
        {
            "adminCode2": "TN",
            "adminCode1": "17",
            "adminName2": "Trento",
            "lng": 10.938567750005088,
            "countryCode": "IT",
            "postalCode": "38020",
            "adminName1": "Trentino-Alto Adige",
            "ISO3166-2": "32",
            "placeName": "Rabbi",
            "lat": 46.38356119424066
        },
        {
            "adminCode2": "TN",
            "adminCode1": "17",
            "adminName2": "Trento",
            "lng": 10.839568,
            "countryCode": "IT",
            "postalCode": "38020",
            "adminName1": "Trentino-Alto Adige",
            "ISO3166-2": "32",
            "placeName": "Commezzadura",
            "lat": 46.321707
        },
        {
            "adminCode2": "TN",
            "adminCode1": "17",
            "adminName2": "Trento",
            "lng": 11.01857,
            "countryCode": "IT",
            "postalCode": "38020",
            "adminName1": "Trentino-Alto Adige",
            "ISO3166-2": "32",
            "placeName": "Rumo",
            "lat": 46.441412
        },
        {
            "adminCode2": "TN",
            "adminCode1": "17",
            "adminName2": "Trento",
            "lng": 11.018802662045728,
            "countryCode": "IT",
            "postalCode": "38020",
            "adminName1": "Trentino-Alto Adige",
            "ISO3166-2": "32",
            "placeName": "Marcena",
            "lat": 46.441207195930666
        },
        {
            "adminCode2": "TN",
            "adminCode1": "17",
            "adminName2": "Trento",
            "lng": 10.737566,
            "countryCode": "IT",
            "postalCode": "38026",
            "adminName1": "Trentino-Alto Adige",
            "ISO3166-2": "32",
            "placeName": "Ossana",
            "lat": 46.306506
        },
        {
            "adminCode2": "TN",
            "adminCode1": "17",
            "adminName2": "Trento",
            "lng": 10.731683425861183,
            "countryCode": "IT",
            "postalCode": "38026",
            "adminName1": "Trentino-Alto Adige",
            "ISO3166-2": "32",
            "placeName": "Fucine",
            "lat": 46.311398969856015
        },
        {
            "adminCode2": "TN",
            "adminCode1": "17",
            "adminName2": "Trento",
            "lng": 10.925869,
            "countryCode": "IT",
            "postalCode": "38027",
            "adminName1": "Trentino-Alto Adige",
            "ISO3166-2": "32",
            "placeName": "Terzolas",
            "lat": 46.361109
        },
        {
            "adminCode2": "TN",
            "adminCode1": "17",
            "adminName2": "Trento",
            "lng": 11.4172,
            "countryCode": "IT",
            "postalCode": "38030",
            "adminName1": "Trentino-Alto Adige",
            "ISO3166-2": "32",
            "placeName": "Molina",
            "lat": 46.27208
        },
        {
            "adminCode2": "TN",
            "adminCode1": "17",
            "adminName2": "Trento",
            "lng": 11.458283,
            "countryCode": "IT",
            "postalCode": "38030",
            "adminName1": "Trentino-Alto Adige",
            "ISO3166-2": "32",
            "placeName": "Varena",
            "lat": 46.306713
        },
        {
            "adminCode2": "TN",
            "adminCode1": "17",
            "adminName2": "Trento",
            "lng": 11.439782,
            "countryCode": "IT",
            "postalCode": "38033",
            "adminName1": "Trentino-Alto Adige",
            "ISO3166-2": "32",
            "placeName": "Carano",
            "lat": 46.291512
        },
        {
            "adminCode2": "TN",
            "adminCode1": "17",
            "adminName2": "Trento",
            "lng": 11.112151953475646,
            "countryCode": "IT",
            "postalCode": "38040",
            "adminName1": "Trentino-Alto Adige",
            "ISO3166-2": "32",
            "placeName": "Ravina",
            "lat": 46.03944036017364
        },
        {
            "adminCode2": "TN",
            "adminCode1": "17",
            "adminName2": "Trento",
            "lng": 11.207513809204102,
            "countryCode": "IT",
            "postalCode": "38040",
            "adminName1": "Trentino-Alto Adige",
            "ISO3166-2": "32",
            "placeName": "Fornace",
            "lat": 46.11804907826783
        },
        {
            "adminCode2": "TN",
            "adminCode1": "17",
            "adminName2": "Trento",
            "lng": 11.25988,
            "countryCode": "IT",
            "postalCode": "38047",
            "adminName1": "Trentino-Alto Adige",
            "ISO3166-2": "32",
            "placeName": "Segonzano",
            "lat": 46.190208
        },
        {
            "adminCode2": "TN",
            "adminCode1": "17",
            "adminName2": "Trento",
            "lng": 11.264283,
            "countryCode": "IT",
            "postalCode": "38050",
            "adminName1": "Trentino-Alto Adige",
            "ISO3166-2": "32",
            "placeName": "Tenna",
            "lat": 46.015703
        },
        {
            "adminCode2": "TN",
            "adminCode1": "17",
            "adminName2": "Trento",
            "lng": 11.408238356117364,
            "countryCode": "IT",
            "postalCode": "38050",
            "adminName1": "Trentino-Alto Adige",
            "ISO3166-2": "32",
            "placeName": "Roncegno",
            "lat": 46.049335813618335
        },
        {
            "adminCode2": "TN",
            "adminCode1": "17",
            "adminName2": "Trento",
            "lng": 11.505688,
            "countryCode": "IT",
            "postalCode": "38050",
            "adminName1": "Trentino-Alto Adige",
            "ISO3166-2": "32",
            "placeName": "Scurelle",
            "lat": 46.064507
        },
        {
            "adminCode2": "TN",
            "adminCode1": "17",
            "adminName2": "Trento",
            "lng": 11.789193,
            "countryCode": "IT",
            "postalCode": "38050",
            "adminName1": "Trentino-Alto Adige",
            "ISO3166-2": "32",
            "placeName": "Imer",
            "lat": 46.149311
        },
        {
            "adminCode2": "TN",
            "adminCode1": "17",
            "adminName2": "Trento",
            "lng": 10.96564824166577,
            "countryCode": "IT",
            "postalCode": "38060",
            "adminName1": "Trentino-Alto Adige",
            "ISO3166-2": "32",
            "placeName": "Ronzo",
            "lat": 45.88212540554558
        },
        {
            "adminCode2": "TN",
            "adminCode1": "17",
            "adminName2": "Trento",
            "lng": 11.00918,
            "countryCode": "IT",
            "postalCode": "38060",
            "adminName1": "Trentino-Alto Adige",
            "ISO3166-2": "32",
            "placeName": "Isera",
            "lat": 45.887598
        },
        {
            "adminCode2": "TN",
            "adminCode1": "17",
            "adminName2": "Trento",
            "lng": 11.117884,
            "countryCode": "IT",
            "postalCode": "38060",
            "adminName1": "Trentino-Alto Adige",
            "ISO3166-2": "32",
            "placeName": "Vallarsa",
            "lat": 45.782796
        },
        {
            "adminCode2": "TN",
            "adminCode1": "17",
            "adminName2": "Trento",
            "lng": 10.89106,
            "countryCode": "IT",
            "postalCode": "38069",
            "adminName1": "Trentino-Alto Adige",
            "ISO3166-2": "32",
            "placeName": "Nago",
            "lat": 45.87594
        },
        {
            "adminCode2": "TN",
            "adminCode1": "17",
            "adminName2": "Trento",
            "lng": 10.89106,
            "countryCode": "IT",
            "postalCode": "38069",
            "adminName1": "Trentino-Alto Adige",
            "ISO3166-2": "32",
            "placeName": "Nago Torbole",
            "lat": 45.87594
        },
        {
            "adminCode2": "TN",
            "adminCode1": "17",
            "adminName2": "Trento",
            "lng": 10.731239318847656,
            "countryCode": "IT",
            "postalCode": "38060",
            "adminName1": "Trentino-Alto Adige",
            "ISO3166-2": "32",
            "placeName": "Pieve Di Ledro",
            "lat": 45.88848473149638
        },
        {
            "adminCode2": "TN",
            "adminCode1": "17",
            "adminName2": "Trento",
            "lng": 11.092756984434942,
            "countryCode": "IT",
            "postalCode": "38060",
            "adminName1": "Trentino-Alto Adige",
            "ISO3166-2": "32",
            "placeName": "Aldeno",
            "lat": 45.97758446593058
        },
        {
            "adminCode2": "TN",
            "adminCode1": "17",
            "adminName2": "Trento",
            "lng": 11.071976558615326,
            "countryCode": "IT",
            "postalCode": "38060",
            "adminName1": "Trentino-Alto Adige",
            "ISO3166-2": "32",
            "placeName": "Nomi",
            "lat": 45.929232486290694
        },
        {
            "adminCode2": "TN",
            "adminCode1": "17",
            "adminName2": "Trento",
            "lng": 10.84225058555603,
            "countryCode": "IT",
            "postalCode": "38075",
            "adminName1": "Trentino-Alto Adige",
            "ISO3166-2": "32",
            "placeName": "Fiave'",
            "lat": 46.00457089896917
        },
        {
            "adminCode2": "TN",
            "adminCode3": "022238",
            "adminName3": "Borgo Chiese",
            "adminCode1": "17",
            "adminName2": "Trento",
            "lng": 10.593659983393366,
            "countryCode": "IT",
            "postalCode": "38083",
            "adminName1": "Trentino-Alto Adige",
            "ISO3166-2": "32",
            "placeName": "Condino",
            "lat": 45.88166625058836
        },
        {
            "adminCode2": "TN",
            "adminCode3": "022246",
            "adminName3": "Sella Giudicarie",
            "adminCode1": "17",
            "adminName2": "Trento",
            "lng": 10.668171,
            "countryCode": "IT",
            "postalCode": "38087",
            "adminName1": "Trentino-Alto Adige",
            "ISO3166-2": "32",
            "placeName": "Roncone",
            "lat": 45.982697
        },
        {
            "adminCode2": "TN",
            "adminCode3": "022248",
            "adminName3": "Vallelaghi",
            "adminCode1": "17",
            "adminName2": "Trento",
            "lng": 10.984781329841269,
            "countryCode": "IT",
            "postalCode": "38096",
            "adminName1": "Trentino-Alto Adige",
            "ISO3166-2": "32",
            "placeName": "Padergnone",
            "lat": 46.059815889953576
        },
        {
            "adminCode2": "TN",
            "adminCode1": "17",
            "adminName2": "Trento",
            "lng": 11.119197938209247,
            "countryCode": "IT",
            "postalCode": "38010",
            "adminName1": "Trentino-Alto Adige",
            "ISO3166-2": "32",
            "placeName": "Romeno",
            "lat": 46.39451704006989
        },
        {
            "adminCode2": "TN",
            "adminCode1": "17",
            "adminName2": "Trento",
            "lng": 11.049125013450833,
            "countryCode": "IT",
            "postalCode": "38010",
            "adminName1": "Trentino-Alto Adige",
            "ISO3166-2": "32",
            "placeName": "Denno",
            "lat": 46.27424112753419
        },
        {
            "adminCode2": "TN",
            "adminCode1": "17",
            "adminName2": "Trento",
            "lng": 11.03277345221915,
            "countryCode": "IT",
            "postalCode": "38010",
            "adminName1": "Trentino-Alto Adige",
            "ISO3166-2": "32",
            "placeName": "Cavedago",
            "lat": 46.18485837619542
        },
        {
            "adminCode2": "TN",
            "adminCode1": "17",
            "adminName2": "Trento",
            "lng": 11.152749217616556,
            "countryCode": "IT",
            "postalCode": "38010",
            "adminName1": "Trentino-Alto Adige",
            "ISO3166-2": "32",
            "placeName": "Ronzone",
            "lat": 46.424369337920005
        },
        {
            "adminCode2": "TN",
            "adminCode1": "17",
            "adminName2": "Trento",
            "lng": 11.048051112877742,
            "countryCode": "IT",
            "postalCode": "38010",
            "adminName1": "Trentino-Alto Adige",
            "ISO3166-2": "32",
            "placeName": "Spormaggiore",
            "lat": 46.21852625382254
        },
        {
            "adminCode2": "TN",
            "adminCode1": "17",
            "adminName2": "Trento",
            "lng": 11.139338066839956,
            "countryCode": "IT",
            "postalCode": "38011",
            "adminName1": "Trentino-Alto Adige",
            "ISO3166-2": "32",
            "placeName": "Cavareno",
            "lat": 46.40780298527367
        },
        {
            "adminCode2": "TN",
            "adminCode3": "022230",
            "adminName3": "Predaia",
            "adminCode1": "17",
            "adminName2": "Trento",
            "lng": 11.109774,
            "countryCode": "IT",
            "postalCode": "38012",
            "adminName1": "Trentino-Alto Adige",
            "ISO3166-2": "32",
            "placeName": "Smarano",
            "lat": 46.34311
        },
        {
            "adminCode2": "TN",
            "adminCode3": "022230",
            "adminName3": "Predaia",
            "adminCode1": "17",
            "adminName2": "Trento",
            "lng": 11.0900115966797,
            "countryCode": "IT",
            "postalCode": "38012",
            "adminName1": "Trentino-Alto Adige",
            "ISO3166-2": "32",
            "placeName": "Coredo",
            "lat": 46.34906049944
        },
        {
            "adminCode2": "TN",
            "adminCode3": "022249",
            "adminName3": "Ville d’Anaunia",
            "adminCode1": "17",
            "adminName2": "Trento",
            "lng": 11.023063659667969,
            "countryCode": "IT",
            "postalCode": "38019",
            "adminName1": "Trentino-Alto Adige",
            "ISO3166-2": "32",
            "placeName": "Tuenno",
            "lat": 46.3284390873061
        },
        {
            "adminCode2": "TN",
            "adminCode1": "17",
            "adminName2": "Trento",
            "lng": 10.757899033072906,
            "countryCode": "IT",
            "postalCode": "38020",
            "adminName1": "Trentino-Alto Adige",
            "ISO3166-2": "32",
            "placeName": "Pellizzano",
            "lat": 46.30979856892243
        },
        {
            "adminCode2": "TN",
            "adminCode1": "17",
            "adminName2": "Trento",
            "lng": 11.105782562087922,
            "countryCode": "IT",
            "postalCode": "38021",
            "adminName1": "Trentino-Alto Adige",
            "ISO3166-2": "32",
            "placeName": "Brez",
            "lat": 46.43220436526391
        }
    ]
}